user_id,week,session_time,device_class,avg_fps,total_pulls,ssr_obtained,got_target,story_progress,churn
1,0,2.8,medium,44.46,290,4,0,30.15,1
1,1,2.97,medium,42.98,290,4,0,30.15,1
1,2,2.82,medium,42.39,290,4,0,30.15,1
1,3,2.61,medium,41.62,290,4,0,30.15,1
1,4,3.05,medium,42.67,290,4,0,30.15,1
1,5,2.43,medium,41.58,290,4,0,30.15,1
1,6,2.58,medium,41.24,290,4,0,30.15,1
1,7,2.54,medium,39.31,290,4,0,30.15,1
2,0,4.02,high,48.58,90,0,0,46.91,1
2,1,3.13,high,46.31,90,0,0,46.91,1
2,2,4.47,high,46.29,90,0,0,46.91,1
2,3,3.32,high,44.29,90,0,0,46.91,1
2,4,3.8,high,42.99,90,0,0,46.91,1
2,5,3.35,high,43.69,90,0,0,46.91,1
2,6,3.57,high,42.69,90,0,0,46.91,1
2,7,3.49,high,41.36,90,0,0,46.91,1
3,0,5.27,high,58.97,80,4,0,37.48,0
3,1,6.8,high,58.2,80,4,0,37.48,0
3,2,5.08,high,58.67,80,4,0,37.48,0
3,3,7.08,high,56.83,80,4,0,37.48,0
3,4,6.58,high,56.87,80,4,0,37.48,0
3,5,5.17,high,56.39,80,4,0,37.48,0
3,6,4.75,high,56.78,80,4,0,37.48,0
3,7,6.66,high,56.73,80,4,0,37.48,0
4,0,5.18,high,57.83,220,3,1,48.59,1
4,1,4.99,high,54.65,220,3,1,48.59,1
4,2,4.54,high,53.58,220,3,1,48.59,1
4,3,4.64,high,50.65,220,3,1,48.59,1
4,4,3.93,high,47.74,220,3,1,48.59,1
4,5,3.75,high,44.98,220,3,1,48.59,1
4,6,3.48,high,43.35,220,3,1,48.59,1
4,7,2.77,high,41.35,220,3,1,48.59,1
5,0,5.04,low,24.56,50,5,1,57.19,1
5,1,3.92,low,24.52,50,5,1,57.19,1
5,2,4.74,low,22.39,50,5,1,57.19,1
5,3,4.07,low,21.93,50,5,1,57.19,1
5,4,4.49,low,21.86,50,5,1,57.19,1
5,5,4.25,low,20.08,50,5,1,57.19,1
5,6,3.23,low,19.06,50,5,1,57.19,1
5,7,2.9,low,18.81,50,5,1,57.19,1
6,0,5.44,medium,41.28,160,4,0,88.12,1
6,1,6.14,medium,42.0,160,4,0,88.12,1
6,2,5.59,medium,41.52,160,4,0,88.12,1
6,3,5.46,medium,40.84,160,4,0,88.12,1
6,4,4.81,medium,40.34,160,4,0,88.12,1
6,5,6.18,medium,40.49,160,4,0,88.12,1
6,6,6.06,medium,41.42,160,4,0,88.12,1
6,7,4.79,medium,39.9,160,4,0,88.12,1
7,0,6.08,high,49.05,190,3,0,21.25,1
7,1,5.6,high,47.95,190,3,0,21.25,1
7,2,4.85,high,44.45,190,3,0,21.25,1
7,3,6.0,high,43.39,190,3,0,21.25,1
7,4,5.97,high,41.73,190,3,0,21.25,1
7,5,4.19,high,38.92,190,3,0,21.25,1
7,6,5.13,high,38.21,190,3,0,21.25,1
7,7,4.27,high,35.88,190,3,0,21.25,1
8,0,2.4,low,26.24,250,3,0,34.77,1
8,1,2.19,low,23.86,250,3,0,34.77,1
8,2,1.96,low,23.51,250,3,0,34.77,1
8,3,1.65,low,22.33,250,3,0,34.77,1
8,4,1.73,low,23.24,250,3,0,34.77,1
8,5,1.94,low,22.46,250,3,0,34.77,1
8,6,1.88,low,20.56,250,3,0,34.77,1
8,7,1.89,low,20.72,250,3,0,34.77,1
9,0,2.2,medium,32.06,210,3,0,62.06,1
9,1,2.44,medium,30.16,210,3,0,62.06,1
9,2,2.17,medium,27.71,210,3,0,62.06,1
9,3,2.24,medium,26.7,210,3,0,62.06,1
9,4,2.09,medium,26.67,210,3,0,62.06,1
9,5,1.84,medium,24.25,210,3,0,62.06,1
9,6,1.45,medium,23.5,210,3,0,62.06,1
9,7,1.62,medium,23.26,210,3,0,62.06,1
10,0,10.3,medium,45.38,80,0,0,29.76,0
10,1,9.74,medium,43.5,80,0,0,29.76,0
10,2,7.74,medium,42.52,80,0,0,29.76,0
10,3,6.3,medium,40.66,80,0,0,29.76,0
10,4,8.9,medium,39.58,80,0,0,29.76,0
10,5,7.13,medium,38.21,80,0,0,29.76,0
10,6,8.31,medium,36.46,80,0,0,29.76,0
10,7,8.28,medium,36.39,80,0,0,29.76,0
11,0,6.32,medium,35.41,300,1,0,75.24,1
11,1,6.23,medium,34.85,300,1,0,75.24,1
11,2,5.52,medium,35.36,300,1,0,75.24,1
11,3,5.44,medium,35.86,300,1,0,75.24,1
11,4,6.53,medium,35.12,300,1,0,75.24,1
11,5,6.44,medium,34.6,300,1,0,75.24,1
11,6,6.34,medium,33.4,300,1,0,75.24,1
11,7,6.59,medium,34.18,300,1,0,75.24,1
12,0,1.83,medium,42.38,140,3,0,54.77,1
12,1,2.51,medium,41.83,140,3,0,54.77,1
12,2,2.07,medium,41.3,140,3,0,54.77,1
12,3,1.78,medium,39.48,140,3,0,54.77,1
12,4,2.08,medium,38.86,140,3,0,54.77,1
12,5,2.21,medium,37.62,140,3,0,54.77,1
12,6,1.78,medium,37.91,140,3,0,54.77,1
12,7,2.01,medium,36.17,140,3,0,54.77,1
13,0,4.46,low,23.25,20,0,1,71.36,0
13,1,3.97,low,22.89,20,0,1,71.36,0
13,2,3.93,low,22.88,20,0,1,71.36,0
13,3,3.85,low,21.46,20,0,1,71.36,0
13,4,4.18,low,20.58,20,0,1,71.36,0
13,5,4.55,low,21.04,20,0,1,71.36,0
13,6,4.14,low,19.52,20,0,1,71.36,0
13,7,3.53,low,19.4,20,0,1,71.36,0
14,0,5.32,high,54.26,260,4,0,22.12,0
14,1,4.56,high,52.86,260,4,0,22.12,0
14,2,5.02,high,52.04,260,4,0,22.12,0
14,3,4.93,high,51.83,260,4,0,22.12,0
14,4,5.12,high,49.35,260,4,0,22.12,0
14,5,5.08,high,48.57,260,4,0,22.12,0
14,6,3.85,high,47.48,260,4,0,22.12,0
14,7,4.38,high,46.53,260,4,0,22.12,0
15,0,5.9,medium,42.17,190,2,0,82.89,1
15,1,5.66,medium,41.26,190,2,0,82.89,1
15,2,4.33,medium,41.68,190,2,0,82.89,1
15,3,3.89,medium,39.74,190,2,0,82.89,1
15,4,3.99,medium,40.17,190,2,0,82.89,1
15,5,3.83,medium,40.19,190,2,0,82.89,1
15,6,3.84,medium,38.79,190,2,0,82.89,1
15,7,4.79,medium,37.76,190,2,0,82.89,1
16,0,10.38,medium,43.3,80,1,1,68.92,0
16,1,9.46,medium,40.15,80,1,1,68.92,0
16,2,10.44,medium,37.84,80,1,1,68.92,0
16,3,8.63,medium,37.11,80,1,1,68.92,0
16,4,10.25,medium,35.19,80,1,1,68.92,0
16,5,9.65,medium,33.98,80,1,1,68.92,0
16,6,7.74,medium,32.07,80,1,1,68.92,0
16,7,8.38,medium,30.66,80,1,1,68.92,0
17,0,2.54,low,29.19,290,5,0,57.1,1
17,1,2.43,low,27.47,290,5,0,57.1,1
17,2,2.83,low,27.93,290,5,0,57.1,1
17,3,2.74,low,26.25,290,5,0,57.1,1
17,4,2.63,low,24.84,290,5,0,57.1,1
17,5,2.75,low,25.99,290,5,0,57.1,1
17,6,1.88,low,23.74,290,5,0,57.1,1
17,7,2.23,low,23.59,290,5,0,57.1,1
18,0,3.38,medium,36.32,20,4,1,20.17,1
18,1,2.64,medium,35.65,20,4,1,20.17,1
18,2,2.62,medium,35.5,20,4,1,20.17,1
18,3,3.21,medium,36.53,20,4,1,20.17,1
18,4,3.31,medium,36.04,20,4,1,20.17,1
18,5,3.24,medium,34.81,20,4,1,20.17,1
18,6,2.97,medium,34.57,20,4,1,20.17,1
18,7,2.64,medium,35.61,20,4,1,20.17,1
19,0,4.42,high,55.31,190,4,0,86.25,1
19,1,5.23,high,52.15,190,4,0,86.25,1
19,2,4.0,high,51.39,190,4,0,86.25,1
19,3,5.08,high,48.94,190,4,0,86.25,1
19,4,3.41,high,48.42,190,4,0,86.25,1
19,5,4.8,high,46.2,190,4,0,86.25,1
19,6,3.22,high,44.97,190,4,0,86.25,1
19,7,4.42,high,43.65,190,4,0,86.25,1
20,0,6.3,high,47.19,10,1,1,76.58,0
20,1,5.25,high,45.27,10,1,1,76.58,0
20,2,4.96,high,44.47,10,1,1,76.58,0
20,3,5.48,high,43.62,10,1,1,76.58,0
20,4,5.06,high,42.17,10,1,1,76.58,0
20,5,5.47,high,41.58,10,1,1,76.58,0
20,6,4.3,high,40.57,10,1,1,76.58,0
20,7,6.11,high,40.3,10,1,1,76.58,0
21,0,2.58,medium,38.67,130,5,1,15.04,0
21,1,2.93,medium,37.1,130,5,1,15.04,0
21,2,2.92,medium,34.79,130,5,1,15.04,0
21,3,2.12,medium,35.06,130,5,1,15.04,0
21,4,2.45,medium,33.7,130,5,1,15.04,0
21,5,2.19,medium,32.81,130,5,1,15.04,0
21,6,2.61,medium,31.26,130,5,1,15.04,0
21,7,2.39,medium,29.97,130,5,1,15.04,0
22,0,7.14,medium,35.34,250,1,0,25.41,0
22,1,6.16,medium,35.64,250,1,0,25.41,0
22,2,7.1,medium,34.26,250,1,0,25.41,0
22,3,6.78,medium,33.42,250,1,0,25.41,0
22,4,5.89,medium,32.23,250,1,0,25.41,0
22,5,4.95,medium,30.21,250,1,0,25.41,0
22,6,6.12,medium,29.55,250,1,0,25.41,0
22,7,5.64,medium,28.85,250,1,0,25.41,0
23,0,4.47,medium,42.9,60,1,0,41.87,0
23,1,4.52,medium,42.58,60,1,0,41.87,0
23,2,5.15,medium,40.69,60,1,0,41.87,0
23,3,4.02,medium,39.24,60,1,0,41.87,0
23,4,4.18,medium,38.13,60,1,0,41.87,0
23,5,4.7,medium,38.71,60,1,0,41.87,0
23,6,3.93,medium,37.58,60,1,0,41.87,0
23,7,4.22,medium,36.92,60,1,0,41.87,0
24,0,3.2,high,47.48,20,1,0,27.56,1
24,1,2.61,high,46.84,20,1,0,27.56,1
24,2,2.82,high,47.07,20,1,0,27.56,1
24,3,3.55,high,47.94,20,1,0,27.56,1
24,4,2.96,high,46.79,20,1,0,27.56,1
24,5,3.16,high,46.29,20,1,0,27.56,1
24,6,2.59,high,46.73,20,1,0,27.56,1
24,7,2.56,high,45.77,20,1,0,27.56,1
25,0,2.87,low,18.36,240,3,0,74.86,1
25,1,3.11,low,17.63,240,3,0,74.86,1
25,2,3.83,low,17.55,240,3,0,74.86,1
25,3,3.75,low,16.32,240,3,0,74.86,1
25,4,2.98,low,15.94,240,3,0,74.86,1
25,5,3.01,low,15.55,240,3,0,74.86,1
25,6,3.23,low,15.29,240,3,0,74.86,1
25,7,3.39,low,13.37,240,3,0,74.86,1
26,0,2.32,medium,36.01,160,1,0,43.43,1
26,1,2.21,medium,35.98,160,1,0,43.43,1
26,2,2.35,medium,36.44,160,1,0,43.43,1
26,3,2.14,medium,36.35,160,1,0,43.43,1
26,4,2.82,medium,35.13,160,1,0,43.43,1
26,5,2.5,medium,34.73,160,1,0,43.43,1
26,6,2.49,medium,33.44,160,1,0,43.43,1
26,7,2.61,medium,33.69,160,1,0,43.43,1
27,0,1.84,low,23.55,300,3,0,22.56,1
27,1,1.69,low,22.44,300,3,0,22.56,1
27,2,1.63,low,21.37,300,3,0,22.56,1
27,3,1.69,low,21.22,300,3,0,22.56,1
27,4,1.58,low,20.94,300,3,0,22.56,1
27,5,2.12,low,21.06,300,3,0,22.56,1
27,6,1.48,low,20.48,300,3,0,22.56,1
27,7,1.73,low,19.63,300,3,0,22.56,1
28,0,6.37,high,47.84,170,1,1,30.58,0
28,1,6.36,high,46.22,170,1,1,30.58,0
28,2,5.51,high,44.76,170,1,1,30.58,0
28,3,4.91,high,42.31,170,1,1,30.58,0
28,4,5.86,high,40.85,170,1,1,30.58,0
28,5,5.1,high,40.59,170,1,1,30.58,0
28,6,5.66,high,39.9,170,1,1,30.58,0
28,7,4.49,high,37.98,170,1,1,30.58,0
29,0,6.48,medium,30.05,180,2,0,41.77,1
29,1,6.53,medium,28.88,180,2,0,41.77,1
29,2,4.82,medium,29.75,180,2,0,41.77,1
29,3,5.72,medium,27.46,180,2,0,41.77,1
29,4,6.16,medium,27.51,180,2,0,41.77,1
29,5,4.24,medium,25.51,180,2,0,41.77,1
29,6,4.02,medium,25.5,180,2,0,41.77,1
29,7,5.19,medium,24.82,180,2,0,41.77,1
30,0,4.15,high,46.78,120,4,0,43.41,1
30,1,4.89,high,46.22,120,4,0,43.41,1
30,2,4.41,high,45.74,120,4,0,43.41,1
30,3,4.0,high,46.57,120,4,0,43.41,1
30,4,5.11,high,45.8,120,4,0,43.41,1
30,5,4.14,high,45.05,120,4,0,43.41,1
30,6,4.33,high,44.26,120,4,0,43.41,1
30,7,5.02,high,44.84,120,4,0,43.41,1
31,0,5.67,low,28.77,90,1,1,12.95,0
31,1,5.71,low,27.83,90,1,1,12.95,0
31,2,4.78,low,28.61,90,1,1,12.95,0
31,3,5.58,low,27.74,90,1,1,12.95,0
31,4,4.07,low,27.06,90,1,1,12.95,0
31,5,5.54,low,27.28,90,1,1,12.95,0
31,6,4.03,low,26.57,90,1,1,12.95,0
31,7,4.24,low,24.81,90,1,1,12.95,0
32,0,1.7,low,18.88,180,2,0,83.76,0
32,1,1.61,low,18.47,180,2,0,83.76,0
32,2,1.67,low,18.32,180,2,0,83.76,0
32,3,1.27,low,17.77,180,2,0,83.76,0
32,4,1.8,low,16.94,180,2,0,83.76,0
32,5,1.84,low,16.88,180,2,0,83.76,0
32,6,1.61,low,16.32,180,2,0,83.76,0
32,7,1.69,low,17.54,180,2,0,83.76,0
33,0,8.41,high,47.81,250,1,1,74.49,0
33,1,7.57,high,46.43,250,1,1,74.49,0
33,2,6.43,high,46.07,250,1,1,74.49,0
33,3,7.22,high,45.5,250,1,1,74.49,0
33,4,8.48,high,44.54,250,1,1,74.49,0
33,5,5.81,high,42.66,250,1,1,74.49,0
33,6,6.51,high,41.08,250,1,1,74.49,0
33,7,6.83,high,41.94,250,1,1,74.49,0
34,0,3.74,high,51.36,270,2,0,57.12,0
34,1,2.93,high,49.13,270,2,0,57.12,0
34,2,3.81,high,47.07,270,2,0,57.12,0
34,3,2.7,high,45.97,270,2,0,57.12,0
34,4,2.9,high,43.84,270,2,0,57.12,0
34,5,2.42,high,42.46,270,2,0,57.12,0
34,6,3.42,high,41.69,270,2,0,57.12,0
34,7,2.75,high,40.17,270,2,0,57.12,0
35,0,2.47,low,27.05,140,3,0,44.76,1
35,1,2.28,low,24.62,140,3,0,44.76,1
35,2,2.86,low,23.6,140,3,0,44.76,1
35,3,2.79,low,22.33,140,3,0,44.76,1
35,4,2.24,low,22.29,140,3,0,44.76,1
35,5,2.08,low,21.59,140,3,0,44.76,1
35,6,2.21,low,19.74,140,3,0,44.76,1
35,7,2.08,low,20.35,140,3,0,44.76,1
36,0,4.62,low,24.79,200,1,0,34.87,1
36,1,4.57,low,24.74,200,1,0,34.87,1
36,2,3.8,low,24.33,200,1,0,34.87,1
36,3,4.31,low,24.79,200,1,0,34.87,1
36,4,3.32,low,23.07,200,1,0,34.87,1
36,5,3.41,low,22.83,200,1,0,34.87,1
36,6,4.5,low,23.82,200,1,0,34.87,1
36,7,2.91,low,22.18,200,1,0,34.87,1
37,0,2.63,medium,30.56,80,3,0,52.67,1
37,1,3.2,medium,29.0,80,3,0,52.67,1
37,2,2.97,medium,28.75,80,3,0,52.67,1
37,3,2.2,medium,27.45,80,3,0,52.67,1
37,4,2.73,medium,25.4,80,3,0,52.67,1
37,5,2.25,medium,24.18,80,3,0,52.67,1
37,6,2.54,medium,23.42,80,3,0,52.67,1
37,7,2.4,medium,22.87,80,3,0,52.67,1
38,0,1.53,low,19.3,10,5,0,53.98,1
38,1,1.49,low,18.11,10,5,0,53.98,1
38,2,1.58,low,17.45,10,5,0,53.98,1
38,3,1.26,low,18.42,10,5,0,53.98,1
38,4,1.14,low,18.31,10,5,0,53.98,1
38,5,1.19,low,17.0,10,5,0,53.98,1
38,6,1.62,low,15.9,10,5,0,53.98,1
38,7,1.6,low,15.72,10,5,0,53.98,1
39,0,5.06,medium,40.8,180,1,0,37.99,1
39,1,4.0,medium,38.16,180,1,0,37.99,1
39,2,4.28,medium,36.51,180,1,0,37.99,1
39,3,3.99,medium,35.27,180,1,0,37.99,1
39,4,4.0,medium,32.87,180,1,0,37.99,1
39,5,4.25,medium,31.72,180,1,0,37.99,1
39,6,3.93,medium,31.53,180,1,0,37.99,1
39,7,2.92,medium,28.94,180,1,0,37.99,1
40,0,7.27,medium,38.92,210,2,0,69.93,1
40,1,5.87,medium,37.27,210,2,0,69.93,1
40,2,6.28,medium,34.99,210,2,0,69.93,1
40,3,5.59,medium,34.19,210,2,0,69.93,1
40,4,4.53,medium,31.26,210,2,0,69.93,1
40,5,6.0,medium,29.68,210,2,0,69.93,1
40,6,4.37,medium,29.54,210,2,0,69.93,1
40,7,5.66,medium,27.69,210,2,0,69.93,1
41,0,2.93,low,23.59,300,5,0,61.63,1
41,1,3.45,low,23.59,300,5,0,61.63,1
41,2,3.85,low,23.15,300,5,0,61.63,1
41,3,2.68,low,23.08,300,5,0,61.63,1
41,4,3.57,low,23.24,300,5,0,61.63,1
41,5,2.87,low,21.9,300,5,0,61.63,1
41,6,3.71,low,22.24,300,5,0,61.63,1
41,7,3.65,low,21.56,300,5,0,61.63,1
42,0,4.94,medium,42.57,100,4,0,39.7,1
42,1,4.17,medium,43.25,100,4,0,39.7,1
42,2,4.51,medium,41.34,100,4,0,39.7,1
42,3,5.06,medium,42.13,100,4,0,39.7,1
42,4,4.47,medium,41.07,100,4,0,39.7,1
42,5,3.76,medium,40.53,100,4,0,39.7,1
42,6,3.38,medium,40.12,100,4,0,39.7,1
42,7,4.9,medium,41.04,100,4,0,39.7,1
43,0,6.05,high,54.59,300,4,0,45.9,0
43,1,5.73,high,54.82,300,4,0,45.9,0
43,2,6.22,high,53.36,300,4,0,45.9,0
43,3,6.12,high,54.03,300,4,0,45.9,0
43,4,6.04,high,53.14,300,4,0,45.9,0
43,5,5.88,high,53.13,300,4,0,45.9,0
43,6,5.38,high,53.27,300,4,0,45.9,0
43,7,5.35,high,53.6,300,4,0,45.9,0
44,0,8.97,medium,35.2,180,1,1,34.03,1
44,1,9.05,medium,36.09,180,1,1,34.03,1
44,2,8.51,medium,35.2,180,1,1,34.03,1
44,3,7.13,medium,33.25,180,1,1,34.03,1
44,4,6.98,medium,33.36,180,1,1,34.03,1
44,5,7.21,medium,33.75,180,1,1,34.03,1
44,6,7.01,medium,33.35,180,1,1,34.03,1
44,7,8.52,medium,31.88,180,1,1,34.03,1
45,0,2.75,low,30.39,70,1,0,54.89,1
45,1,3.77,low,30.35,70,1,0,54.89,1
45,2,2.79,low,28.54,70,1,0,54.89,1
45,3,2.65,low,28.82,70,1,0,54.89,1
45,4,3.67,low,29.37,70,1,0,54.89,1
45,5,3.71,low,29.08,70,1,0,54.89,1
45,6,3.44,low,27.83,70,1,0,54.89,1
45,7,3.52,low,28.99,70,1,0,54.89,1
46,0,5.15,medium,31.05,260,2,0,54.86,0
46,1,5.66,medium,29.9,260,2,0,54.86,0
46,2,5.42,medium,29.93,260,2,0,54.86,0
46,3,4.58,medium,28.6,260,2,0,54.86,0
46,4,5.48,medium,26.92,260,2,0,54.86,0
46,5,5.21,medium,26.38,260,2,0,54.86,0
46,6,4.98,medium,26.51,260,2,0,54.86,0
46,7,4.94,medium,24.52,260,2,0,54.86,0
47,0,11.86,high,59.59,40,2,1,28.35,0
47,1,10.32,high,58.57,40,2,1,28.35,0
47,2,8.17,high,57.96,40,2,1,28.35,0
47,3,8.99,high,55.9,40,2,1,28.35,0
47,4,10.39,high,56.49,40,2,1,28.35,0
47,5,11.66,high,55.63,40,2,1,28.35,0
47,6,9.83,high,53.11,40,2,1,28.35,0
47,7,8.56,high,53.89,40,2,1,28.35,0
48,0,3.3,medium,42.22,210,0,0,61.8,1
48,1,2.83,medium,39.92,210,0,0,61.8,1
48,2,3.09,medium,38.98,210,0,0,61.8,1
48,3,2.23,medium,36.04,210,0,0,61.8,1
48,4,3.04,medium,35.0,210,0,0,61.8,1
48,5,3.06,medium,34.05,210,0,0,61.8,1
48,6,2.78,medium,30.91,210,0,0,61.8,1
48,7,2.59,medium,31.16,210,0,0,61.8,1
49,0,4.51,high,45.07,140,1,1,60.86,0
49,1,5.56,high,43.17,140,1,1,60.86,0
49,2,5.31,high,41.63,140,1,1,60.86,0
49,3,4.31,high,39.44,140,1,1,60.86,0
49,4,5.25,high,37.06,140,1,1,60.86,0
49,5,3.61,high,34.9,140,1,1,60.86,0
49,6,4.05,high,34.61,140,1,1,60.86,0
49,7,4.5,high,31.83,140,1,1,60.86,0
50,0,9.36,medium,36.93,260,2,1,30.46,0
50,1,8.72,medium,34.48,260,2,1,30.46,0
50,2,8.87,medium,34.19,260,2,1,30.46,0
50,3,7.97,medium,31.65,260,2,1,30.46,0
50,4,7.3,medium,30.45,260,2,1,30.46,0
50,5,5.63,medium,28.96,260,2,1,30.46,0
50,6,5.4,medium,29.11,260,2,1,30.46,0
50,7,7.33,medium,27.5,260,2,1,30.46,0
51,0,3.83,high,52.44,240,2,0,7.62,0
51,1,3.88,high,51.21,240,2,0,7.62,0
51,2,3.85,high,48.46,240,2,0,7.62,0
51,3,3.21,high,45.85,240,2,0,7.62,0
51,4,3.65,high,44.38,240,2,0,7.62,0
51,5,3.63,high,41.57,240,2,0,7.62,0
51,6,3.46,high,40.73,240,2,0,7.62,0
51,7,2.39,high,38.31,240,2,0,7.62,0
52,0,1.38,low,17.92,30,2,0,19.82,1
52,1,1.71,low,18.62,30,2,0,19.82,1
52,2,1.82,low,18.84,30,2,0,19.82,1
52,3,1.91,low,19.0,30,2,0,19.82,1
52,4,1.48,low,18.7,30,2,0,19.82,1
52,5,1.4,low,17.59,30,2,0,19.82,1
52,6,1.37,low,18.21,30,2,0,19.82,1
52,7,1.76,low,18.58,30,2,0,19.82,1
53,0,5.61,low,29.13,270,3,1,47.56,0
53,1,5.85,low,28.08,270,3,1,47.56,0
53,2,4.3,low,27.1,270,3,1,47.56,0
53,3,4.01,low,25.53,270,3,1,47.56,0
53,4,4.2,low,24.52,270,3,1,47.56,0
53,5,3.7,low,22.46,270,3,1,47.56,0
53,6,4.89,low,22.33,270,3,1,47.56,0
53,7,3.36,low,19.83,270,3,1,47.56,0
54,0,2.47,medium,33.05,60,3,0,12.38,1
54,1,2.82,medium,32.38,60,3,0,12.38,1
54,2,2.66,medium,32.16,60,3,0,12.38,1
54,3,2.67,medium,32.15,60,3,0,12.38,1
54,4,2.27,medium,30.83,60,3,0,12.38,1
54,5,2.28,medium,32.04,60,3,0,12.38,1
54,6,2.28,medium,31.67,60,3,0,12.38,1
54,7,2.78,medium,30.7,60,3,0,12.38,1
55,0,3.79,high,55.29,60,3,0,63.47,1
55,1,3.91,high,53.27,60,3,0,63.47,1
55,2,2.89,high,52.55,60,3,0,63.47,1
55,3,2.89,high,51.15,60,3,0,63.47,1
55,4,3.66,high,48.78,60,3,0,63.47,1
55,5,2.6,high,47.12,60,3,0,63.47,1
55,6,3.35,high,46.41,60,3,0,63.47,1
55,7,2.88,high,45.75,60,3,0,63.47,1
56,0,5.32,high,52.29,230,1,1,47.63,0
56,1,5.48,high,51.48,230,1,1,47.63,0
56,2,6.11,high,49.38,230,1,1,47.63,0
56,3,5.58,high,48.62,230,1,1,47.63,0
56,4,6.75,high,48.59,230,1,1,47.63,0
56,5,5.49,high,46.01,230,1,1,47.63,0
56,6,5.04,high,45.68,230,1,1,47.63,0
56,7,5.64,high,43.92,230,1,1,47.63,0
57,0,2.11,low,17.99,30,1,0,51.58,1
57,1,2.2,low,17.0,30,1,0,51.58,1
57,2,2.54,low,15.82,30,1,0,51.58,1
57,3,3.03,low,15.79,30,1,0,51.58,1
57,4,2.4,low,14.99,30,1,0,51.58,1
57,5,2.59,low,13.85,30,1,0,51.58,1
57,6,2.11,low,13.76,30,1,0,51.58,1
57,7,2.22,low,11.81,30,1,0,51.58,1
58,0,5.58,high,45.36,90,4,0,59.59,0
58,1,7.18,high,45.71,90,4,0,59.59,0
58,2,6.43,high,44.78,90,4,0,59.59,0
58,3,7.55,high,44.79,90,4,0,59.59,0
58,4,5.71,high,44.63,90,4,0,59.59,0
58,5,7.1,high,44.88,90,4,0,59.59,0
58,6,7.29,high,43.72,90,4,0,59.59,0
58,7,7.51,high,43.39,90,4,0,59.59,0
59,0,2.57,medium,39.41,200,1,0,98.29,1
59,1,2.01,medium,38.07,200,1,0,98.29,1
59,2,2.49,medium,39.62,200,1,0,98.29,1
59,3,2.37,medium,38.88,200,1,0,98.29,1
59,4,2.17,medium,38.6,200,1,0,98.29,1
59,5,2.25,medium,37.43,200,1,0,98.29,1
59,6,2.4,medium,38.07,200,1,0,98.29,1
59,7,1.97,medium,37.29,200,1,0,98.29,1
60,0,2.99,medium,42.71,120,3,0,47.37,0
60,1,2.73,medium,41.49,120,3,0,47.37,0
60,2,2.55,medium,41.76,120,3,0,47.37,0
60,3,3.06,medium,39.87,120,3,0,47.37,0
60,4,3.17,medium,40.24,120,3,0,47.37,0
60,5,2.99,medium,38.69,120,3,0,47.37,0
60,6,2.82,medium,38.85,120,3,0,47.37,0
60,7,2.7,medium,38.47,120,3,0,47.37,0
61,0,1.98,medium,36.87,220,5,0,31.29,1
61,1,2.07,medium,35.14,220,5,0,31.29,1
61,2,1.52,medium,33.45,220,5,0,31.29,1
61,3,1.91,medium,32.17,220,5,0,31.29,1
61,4,1.28,medium,30.52,220,5,0,31.29,1
61,5,1.74,medium,29.19,220,5,0,31.29,1
61,6,1.34,medium,28.09,220,5,0,31.29,1
61,7,1.15,medium,26.84,220,5,0,31.29,1
62,0,3.55,medium,34.88,50,3,0,51.27,1
62,1,4.12,medium,33.16,50,3,0,51.27,1
62,2,3.44,medium,31.56,50,3,0,51.27,1
62,3,4.45,medium,31.05,50,3,0,51.27,1
62,4,3.63,medium,30.2,50,3,0,51.27,1
62,5,3.84,medium,28.28,50,3,0,51.27,1
62,6,3.4,medium,27.57,50,3,0,51.27,1
62,7,2.57,medium,26.02,50,3,0,51.27,1
63,0,5.52,high,56.0,70,4,0,70.22,1
63,1,4.2,high,54.18,70,4,0,70.22,1
63,2,5.2,high,53.66,70,4,0,70.22,1
63,3,4.89,high,53.97,70,4,0,70.22,1
63,4,5.07,high,53.08,70,4,0,70.22,1
63,5,4.28,high,53.46,70,4,0,70.22,1
63,6,5.37,high,53.1,70,4,0,70.22,1
63,7,5.45,high,51.53,70,4,0,70.22,1
64,0,3.42,low,15.57,210,2,0,62.42,1
64,1,2.44,low,15.17,210,2,0,62.42,1
64,2,2.41,low,14.27,210,2,0,62.42,1
64,3,3.12,low,14.33,210,2,0,62.42,1
64,4,2.95,low,14.47,210,2,0,62.42,1
64,5,2.6,low,14.02,210,2,0,62.42,1
64,6,2.38,low,14.75,210,2,0,62.42,1
64,7,2.39,low,12.8,210,2,0,62.42,1
65,0,2.74,low,19.56,200,3,0,40.8,1
65,1,2.27,low,18.22,200,3,0,40.8,1
65,2,2.2,low,18.38,200,3,0,40.8,1
65,3,2.3,low,16.77,200,3,0,40.8,1
65,4,2.08,low,17.55,200,3,0,40.8,1
65,5,1.73,low,15.77,200,3,0,40.8,1
65,6,2.16,low,15.75,200,3,0,40.8,1
65,7,2.49,low,15.82,200,3,0,40.8,1
66,0,5.08,medium,32.21,120,1,1,80.9,0
66,1,4.5,medium,32.15,120,1,1,80.9,0
66,2,4.66,medium,32.01,120,1,1,80.9,0
66,3,3.53,medium,30.46,120,1,1,80.9,0
66,4,4.64,medium,30.38,120,1,1,80.9,0
66,5,3.53,medium,29.95,120,1,1,80.9,0
66,6,4.63,medium,29.53,120,1,1,80.9,0
66,7,4.24,medium,27.48,120,1,1,80.9,0
67,0,2.3,low,19.27,150,5,0,93.74,1
67,1,2.85,low,18.0,150,5,0,93.74,1
67,2,2.17,low,19.01,150,5,0,93.74,1
67,3,2.74,low,17.57,150,5,0,93.74,1
67,4,2.32,low,16.43,150,5,0,93.74,1
67,5,2.8,low,16.0,150,5,0,93.74,1
67,6,2.79,low,15.5,150,5,0,93.74,1
67,7,2.73,low,15.23,150,5,0,93.74,1
68,0,2.75,medium,30.56,280,2,0,65.71,1
68,1,2.65,medium,30.67,280,2,0,65.71,1
68,2,2.25,medium,29.07,280,2,0,65.71,1
68,3,2.51,medium,29.45,280,2,0,65.71,1
68,4,2.08,medium,27.93,280,2,0,65.71,1
68,5,2.0,medium,27.47,280,2,0,65.71,1
68,6,1.94,medium,25.29,280,2,0,65.71,1
68,7,2.77,medium,25.97,280,2,0,65.71,1
69,0,6.44,high,52.36,20,4,0,17.05,0
69,1,8.13,high,50.43,20,4,0,17.05,0
69,2,8.57,high,48.02,20,4,0,17.05,0
69,3,6.35,high,47.41,20,4,0,17.05,0
69,4,5.76,high,44.94,20,4,0,17.05,0
69,5,5.6,high,44.18,20,4,0,17.05,0
69,6,5.89,high,42.73,20,4,0,17.05,0
69,7,5.06,high,40.28,20,4,0,17.05,0
70,0,4.5,low,23.27,130,1,0,45.5,1
70,1,4.48,low,22.87,130,1,0,45.5,1
70,2,3.17,low,22.25,130,1,0,45.5,1
70,3,3.91,low,22.88,130,1,0,45.5,1
70,4,3.98,low,22.68,130,1,0,45.5,1
70,5,3.21,low,22.47,130,1,0,45.5,1
70,6,3.5,low,21.88,130,1,0,45.5,1
70,7,4.57,low,23.39,130,1,0,45.5,1
71,0,3.94,medium,32.71,250,0,0,27.39,0
71,1,3.54,medium,32.54,250,0,0,27.39,0
71,2,3.2,medium,30.63,250,0,0,27.39,0
71,3,3.1,medium,29.46,250,0,0,27.39,0
71,4,2.93,medium,27.11,250,0,0,27.39,0
71,5,3.06,medium,25.01,250,0,0,27.39,0
71,6,3.13,medium,24.62,250,0,0,27.39,0
71,7,3.02,medium,23.22,250,0,0,27.39,0
72,0,2.84,medium,39.83,190,3,0,50.93,1
72,1,2.6,medium,39.87,190,3,0,50.93,1
72,2,2.59,medium,37.16,190,3,0,50.93,1
72,3,2.01,medium,37.82,190,3,0,50.93,1
72,4,1.95,medium,35.9,190,3,0,50.93,1
72,5,2.49,medium,35.24,190,3,0,50.93,1
72,6,1.85,medium,34.3,190,3,0,50.93,1
72,7,1.82,medium,33.81,190,3,0,50.93,1
73,0,10.27,high,57.13,230,1,0,20.27,0
73,1,12.01,high,55.38,230,1,0,20.27,0
73,2,11.18,high,54.43,230,1,0,20.27,0
73,3,9.78,high,52.46,230,1,0,20.27,0
73,4,8.6,high,49.82,230,1,0,20.27,0
73,5,8.0,high,48.17,230,1,0,20.27,0
73,6,9.51,high,46.44,230,1,0,20.27,0
73,7,10.0,high,46.03,230,1,0,20.27,0
74,0,3.53,medium,31.23,40,2,1,33.51,1
74,1,3.42,medium,30.17,40,2,1,33.51,1
74,2,3.83,medium,31.49,40,2,1,33.51,1
74,3,4.2,medium,30.69,40,2,1,33.51,1
74,4,3.19,medium,30.6,40,2,1,33.51,1
74,5,3.05,medium,30.88,40,2,1,33.51,1
74,6,3.17,medium,30.96,40,2,1,33.51,1
74,7,4.11,medium,30.61,40,2,1,33.51,1
75,0,5.04,medium,42.93,200,1,0,91.24,0
75,1,5.33,medium,42.78,200,1,0,91.24,0
75,2,5.04,medium,41.16,200,1,0,91.24,0
75,3,6.56,medium,41.88,200,1,0,91.24,0
75,4,6.64,medium,41.0,200,1,0,91.24,0
75,5,5.28,medium,41.48,200,1,0,91.24,0
75,6,5.9,medium,40.97,200,1,0,91.24,0
75,7,6.66,medium,40.78,200,1,0,91.24,0
76,0,6.42,medium,38.45,0,0,0,63.02,1
76,1,7.27,medium,38.03,0,0,0,63.02,1
76,2,8.32,medium,37.35,0,0,0,63.02,1
76,3,6.45,medium,36.81,0,0,0,63.02,1
76,4,7.21,medium,35.45,0,0,0,63.02,1
76,5,7.57,medium,34.83,0,0,0,63.02,1
76,6,6.82,medium,32.79,0,0,0,63.02,1
76,7,5.67,medium,32.57,0,0,0,63.02,1
77,0,7.57,high,54.94,90,4,1,42.91,1
77,1,7.42,high,50.79,90,4,1,42.91,1
77,2,6.51,high,49.63,90,4,1,42.91,1
77,3,5.58,high,46.1,90,4,1,42.91,1
77,4,5.53,high,45.29,90,4,1,42.91,1
77,5,5.71,high,41.9,90,4,1,42.91,1
77,6,4.03,high,39.73,90,4,1,42.91,1
77,7,4.95,high,37.38,90,4,1,42.91,1
78,0,3.69,high,46.54,240,1,1,49.91,0
78,1,4.12,high,45.91,240,1,1,49.91,0
78,2,4.69,high,43.81,240,1,1,49.91,0
78,3,4.58,high,43.92,240,1,1,49.91,0
78,4,4.61,high,42.98,240,1,1,49.91,0
78,5,4.08,high,42.1,240,1,1,49.91,0
78,6,3.88,high,41.32,240,1,1,49.91,0
78,7,3.36,high,40.62,240,1,1,49.91,0
79,0,4.66,medium,31.53,40,2,1,43.81,1
79,1,3.82,medium,30.58,40,2,1,43.81,1
79,2,4.04,medium,29.93,40,2,1,43.81,1
79,3,3.83,medium,28.67,40,2,1,43.81,1
79,4,3.13,medium,27.01,40,2,1,43.81,1
79,5,2.95,medium,25.52,40,2,1,43.81,1
79,6,4.04,medium,24.95,40,2,1,43.81,1
79,7,3.16,medium,24.29,40,2,1,43.81,1
80,0,5.98,medium,43.97,20,4,0,46.74,1
80,1,4.59,medium,43.22,20,4,0,46.74,1
80,2,5.34,medium,41.59,20,4,0,46.74,1
80,3,4.07,medium,38.76,20,4,0,46.74,1
80,4,5.21,medium,38.54,20,4,0,46.74,1
80,5,4.76,medium,36.44,20,4,0,46.74,1
80,6,5.11,medium,35.14,20,4,0,46.74,1
80,7,3.37,medium,33.14,20,4,0,46.74,1
81,0,5.76,medium,34.74,10,0,1,26.39,1
81,1,5.19,medium,32.15,10,0,1,26.39,1
81,2,6.18,medium,30.96,10,0,1,26.39,1
81,3,4.28,medium,30.75,10,0,1,26.39,1
81,4,5.32,medium,29.0,10,0,1,26.39,1
81,5,5.82,medium,28.56,10,0,1,26.39,1
81,6,4.6,medium,26.08,10,0,1,26.39,1
81,7,5.24,medium,25.91,10,0,1,26.39,1
82,0,3.98,medium,34.86,100,1,0,33.56,1
82,1,3.38,medium,32.96,100,1,0,33.56,1
82,2,3.37,medium,33.3,100,1,0,33.56,1
82,3,2.71,medium,31.95,100,1,0,33.56,1
82,4,3.69,medium,32.24,100,1,0,33.56,1
82,5,3.45,medium,31.61,100,1,0,33.56,1
82,6,2.67,medium,32.2,100,1,0,33.56,1
82,7,3.37,medium,31.05,100,1,0,33.56,1
83,0,1.74,low,21.21,20,3,1,47.92,0
83,1,1.44,low,22.2,20,3,1,47.92,0
83,2,1.43,low,21.46,20,3,1,47.92,0
83,3,1.31,low,20.56,20,3,1,47.92,0
83,4,1.35,low,19.63,20,3,1,47.92,0
83,5,1.54,low,19.02,20,3,1,47.92,0
83,6,1.41,low,19.01,20,3,1,47.92,0
83,7,1.19,low,18.31,20,3,1,47.92,0
84,0,7.78,high,59.7,150,1,0,70.18,0
84,1,8.14,high,58.49,150,1,0,70.18,0
84,2,5.78,high,55.88,150,1,0,70.18,0
84,3,6.19,high,52.28,150,1,0,70.18,0
84,4,5.41,high,50.33,150,1,0,70.18,0
84,5,6.45,high,49.18,150,1,0,70.18,0
84,6,5.83,high,48.2,150,1,0,70.18,0
84,7,5.65,high,45.65,150,1,0,70.18,0
85,0,4.28,medium,43.04,40,1,0,76.98,1
85,1,4.86,medium,43.1,40,1,0,76.98,1
85,2,5.11,medium,42.29,40,1,0,76.98,1
85,3,3.88,medium,40.37,40,1,0,76.98,1
85,4,5.39,medium,40.5,40,1,0,76.98,1
85,5,5.13,medium,39.67,40,1,0,76.98,1
85,6,4.34,medium,37.5,40,1,0,76.98,1
85,7,5.21,medium,38.03,40,1,0,76.98,1
86,0,14.21,high,55.69,270,0,1,30.61,0
86,1,12.9,high,56.09,270,0,1,30.61,0
86,2,13.29,high,54.17,270,0,1,30.61,0
86,3,11.03,high,52.65,270,0,1,30.61,0
86,4,11.49,high,51.37,270,0,1,30.61,0
86,5,13.16,high,51.51,270,0,1,30.61,0
86,6,11.25,high,50.51,270,0,1,30.61,0
86,7,10.67,high,49.97,270,0,1,30.61,0
87,0,5.92,high,51.12,200,3,0,71.84,0
87,1,5.04,high,49.26,200,3,0,71.84,0
87,2,3.78,high,45.8,200,3,0,71.84,0
87,3,4.59,high,44.15,200,3,0,71.84,0
87,4,3.8,high,42.11,200,3,0,71.84,0
87,5,4.25,high,40.75,200,3,0,71.84,0
87,6,3.16,high,39.26,200,3,0,71.84,0
87,7,3.23,high,38.23,200,3,0,71.84,0
88,0,6.02,medium,42.84,280,4,1,67.48,1
88,1,7.48,medium,41.41,280,4,1,67.48,1
88,2,6.57,medium,39.57,280,4,1,67.48,1
88,3,6.0,medium,37.73,280,4,1,67.48,1
88,4,4.74,medium,36.17,280,4,1,67.48,1
88,5,5.24,medium,34.49,280,4,1,67.48,1
88,6,5.16,medium,33.75,280,4,1,67.48,1
88,7,5.91,medium,33.22,280,4,1,67.48,1
89,0,5.03,medium,44.5,230,4,0,86.36,1
89,1,5.8,medium,41.75,230,4,0,86.36,1
89,2,4.62,medium,41.25,230,4,0,86.36,1
89,3,5.61,medium,39.79,230,4,0,86.36,1
89,4,3.81,medium,36.78,230,4,0,86.36,1
89,5,4.81,medium,36.29,230,4,0,86.36,1
89,6,4.19,medium,33.57,230,4,0,86.36,1
89,7,3.43,medium,33.3,230,4,0,86.36,1
90,0,1.84,low,22.23,180,4,0,19.87,1
90,1,1.26,low,20.86,180,4,0,19.87,1
90,2,1.54,low,20.12,180,4,0,19.87,1
90,3,1.8,low,20.29,180,4,0,19.87,1
90,4,1.54,low,18.21,180,4,0,19.87,1
90,5,1.44,low,19.25,180,4,0,19.87,1
90,6,1.13,low,18.5,180,4,0,19.87,1
90,7,1.51,low,17.51,180,4,0,19.87,1
91,0,2.8,low,16.75,230,3,1,47.08,1
91,1,2.75,low,16.99,230,3,1,47.08,1
91,2,2.87,low,17.02,230,3,1,47.08,1
91,3,2.38,low,16.33,230,3,1,47.08,1
91,4,2.67,low,16.15,230,3,1,47.08,1
91,5,2.24,low,15.9,230,3,1,47.08,1
91,6,2.53,low,15.6,230,3,1,47.08,1
91,7,2.64,low,15.77,230,3,1,47.08,1
92,0,4.01,high,55.22,80,5,0,49.09,1
92,1,3.48,high,54.77,80,5,0,49.09,1
92,2,3.25,high,52.95,80,5,0,49.09,1
92,3,3.69,high,52.62,80,5,0,49.09,1
92,4,2.91,high,52.16,80,5,0,49.09,1
92,5,2.89,high,51.71,80,5,0,49.09,1
92,6,3.1,high,50.19,80,5,0,49.09,1
92,7,2.82,high,49.72,80,5,0,49.09,1
93,0,5.35,medium,42.06,150,4,0,61.42,1
93,1,5.53,medium,40.73,150,4,0,61.42,1
93,2,5.88,medium,41.12,150,4,0,61.42,1
93,3,5.67,medium,39.19,150,4,0,61.42,1
93,4,5.43,medium,37.73,150,4,0,61.42,1
93,5,6.59,medium,37.96,150,4,0,61.42,1
93,6,5.86,medium,36.15,150,4,0,61.42,1
93,7,5.58,medium,35.82,150,4,0,61.42,1
94,0,6.09,high,60.24,120,2,0,24.6,0
94,1,4.64,high,60.96,120,2,0,24.6,0
94,2,4.53,high,59.25,120,2,0,24.6,0
94,3,5.12,high,59.12,120,2,0,24.6,0
94,4,6.29,high,58.19,120,2,0,24.6,0
94,5,5.76,high,58.75,120,2,0,24.6,0
94,6,5.75,high,58.4,120,2,0,24.6,0
94,7,4.93,high,56.73,120,2,0,24.6,0
95,0,3.36,low,24.77,0,0,0,38.41,1
95,1,2.71,low,25.18,0,0,0,38.41,1
95,2,2.77,low,24.78,0,0,0,38.41,1
95,3,3.16,low,23.46,0,0,0,38.41,1
95,4,3.07,low,24.92,0,0,0,38.41,1
95,5,3.32,low,23.15,0,0,0,38.41,1
95,6,3.34,low,23.98,0,0,0,38.41,1
95,7,3.46,low,23.09,0,0,0,38.41,1
96,0,5.15,medium,39.71,100,3,0,55.34,1
96,1,4.49,medium,39.22,100,3,0,55.34,1
96,2,3.88,medium,37.13,100,3,0,55.34,1
96,3,4.28,medium,36.49,100,3,0,55.34,1
96,4,3.64,medium,35.24,100,3,0,55.34,1
96,5,4.75,medium,34.05,100,3,0,55.34,1
96,6,3.73,medium,32.96,100,3,0,55.34,1
96,7,3.2,medium,30.83,100,3,0,55.34,1
97,0,2.05,medium,38.7,140,3,0,49.27,1
97,1,2.38,medium,38.07,140,3,0,49.27,1
97,2,1.84,medium,36.61,140,3,0,49.27,1
97,3,1.55,medium,36.12,140,3,0,49.27,1
97,4,1.49,medium,34.8,140,3,0,49.27,1
97,5,1.67,medium,33.18,140,3,0,49.27,1
97,6,1.45,medium,31.78,140,3,0,49.27,1
97,7,1.38,medium,32.26,140,3,0,49.27,1
98,0,4.02,medium,33.57,290,2,0,41.25,1
98,1,4.98,medium,35.08,290,2,0,41.25,1
98,2,4.75,medium,33.62,290,2,0,41.25,1
98,3,5.31,medium,34.6,290,2,0,41.25,1
98,4,5.33,medium,33.86,290,2,0,41.25,1
98,5,4.63,medium,34.14,290,2,0,41.25,1
98,6,4.38,medium,34.29,290,2,0,41.25,1
98,7,4.11,medium,32.73,290,2,0,41.25,1
99,0,3.15,low,21.07,120,5,1,56.61,0
99,1,2.45,low,19.52,120,5,1,56.61,0
99,2,2.51,low,18.39,120,5,1,56.61,0
99,3,2.11,low,18.17,120,5,1,56.61,0
99,4,2.54,low,16.63,120,5,1,56.61,0
99,5,2.61,low,16.61,120,5,1,56.61,0
99,6,2.29,low,16.36,120,5,1,56.61,0
99,7,3.04,low,15.5,120,5,1,56.61,0
100,0,5.52,high,53.33,140,5,0,73.88,0
100,1,5.4,high,54.3,140,5,0,73.88,0
100,2,5.05,high,52.62,140,5,0,73.88,0
100,3,6.45,high,53.61,140,5,0,73.88,0
100,4,5.43,high,52.23,140,5,0,73.88,0
100,5,5.81,high,53.09,140,5,0,73.88,0
100,6,5.74,high,52.88,140,5,0,73.88,0
100,7,5.72,high,50.95,140,5,0,73.88,0
